toby@gmail.com,Sydney Children Hospital
toby@gmail.com,UTS Health Service
samuel@gmail.com,Prince of Wales Hospital
sid@gmail.com,Royal Prince Alfred Hospital
michael@gmail.com,USYD Health Service
anna@gmail.com,UTS Health Service
thomas@gmail.com,Prince of Wales Hospital
ian@gmail.com,Sydney Children Hospital
gary@gmail.com,Sydney Children Hospital
anna@gmail.com,Sydney Children Hospital
anna@gmail.com,Prince of Wales Hospital
gary@gmail.com,USYD Health Service
steph@gmail.com,UNSW Health Service
gaz@gmail.com,Prince of Wales Hospital
sam@gmail.com,Sydney Children Hospital
sidney@gmail.com,cs1531,neurologist
mike@gmail.com,cs1531,UTS Health Service
carl@gmail.com,cs1531,Prince Alfred Hospital
